id,focus,signal,slack,drag,confidence,score,lane,kind,invariant
g001,position pressure,100,32,45,72,328,ship,baseline,monotonic-signal
g002,move ordering,116,25,27,55,400,ship,edge,drag-penalty
g003,search width,83,59,20,80,447,ship,recovery,confidence-floor
g004,endgame risk,70,43,39,68,276,ship,negative,lane-boundary
g005,position pressure,67,38,8,23,291,ship,baseline,monotonic-signal
g006,move ordering,69,73,15,48,389,ship,edge,drag-penalty
g007,search width,74,23,20,65,318,ship,recovery,confidence-floor
g008,endgame risk,80,35,45,35,200,ship,negative,lane-boundary
g009,position pressure,86,44,38,68,330,ship,baseline,monotonic-signal
g010,move ordering,49,51,36,46,197,ship,edge,drag-penalty
g011,search width,78,22,15,82,382,ship,recovery,confidence-floor
g012,endgame risk,52,45,6,105,432,ship,negative,lane-boundary
g013,position pressure,42,24,40,78,170,ship,baseline,monotonic-signal
g014,move ordering,41,51,22,26,189,ship,edge,drag-penalty
g015,search width,88,32,35,90,368,ship,recovery,confidence-floor
g016,endgame risk,71,60,22,41,327,ship,negative,lane-boundary
g017,position pressure,110,41,17,64,472,ship,baseline,monotonic-signal
g018,move ordering,45,34,37,37,129,watch,edge,drag-penalty
g019,search width,104,33,28,28,322,ship,recovery,confidence-floor
g020,endgame risk,49,35,4,71,343,ship,negative,lane-boundary
g021,position pressure,113,74,14,54,539,ship,baseline,monotonic-signal
g022,move ordering,104,61,21,79,508,ship,edge,drag-penalty
g023,search width,59,57,26,67,321,ship,recovery,confidence-floor
g024,endgame risk,40,22,30,22,88,hold,negative,lane-boundary
g025,position pressure,78,16,12,47,312,ship,baseline,monotonic-signal
g026,move ordering,57,42,5,64,363,ship,edge,drag-penalty
g027,search width,50,57,24,34,236,ship,recovery,confidence-floor
g028,endgame risk,50,32,35,67,208,ship,negative,lane-boundary
g029,position pressure,97,57,42,45,327,ship,baseline,monotonic-signal
g030,move ordering,80,37,5,81,456,ship,edge,drag-penalty
g031,search width,75,30,30,104,373,ship,recovery,confidence-floor
g032,endgame risk,53,64,23,77,349,ship,negative,lane-boundary
g033,position pressure,69,48,21,25,269,ship,baseline,monotonic-signal
g034,move ordering,36,43,42,89,204,ship,edge,drag-penalty
g035,search width,111,8,33,40,297,ship,recovery,confidence-floor
g036,endgame risk,108,28,25,63,406,ship,negative,lane-boundary
g037,position pressure,110,40,7,36,454,ship,baseline,monotonic-signal
g038,move ordering,115,49,20,27,417,ship,edge,drag-penalty
g039,search width,33,56,7,70,323,ship,recovery,confidence-floor
g040,endgame risk,39,27,44,53,101,hold,negative,lane-boundary
g041,position pressure,90,50,22,78,438,ship,baseline,monotonic-signal
g042,move ordering,31,29,13,66,231,ship,edge,drag-penalty
g043,search width,93,56,31,21,309,ship,recovery,confidence-floor
g044,endgame risk,83,37,41,46,251,ship,negative,lane-boundary
g045,position pressure,82,65,6,63,478,ship,baseline,monotonic-signal
g046,move ordering,41,46,11,33,237,ship,edge,drag-penalty
g047,search width,112,39,15,66,486,ship,recovery,confidence-floor
g048,endgame risk,63,38,39,44,197,ship,negative,lane-boundary
g049,position pressure,86,40,32,80,370,ship,baseline,monotonic-signal
g050,move ordering,57,9,9,103,359,ship,edge,drag-penalty
g051,search width,90,66,20,76,474,ship,recovery,confidence-floor
g052,endgame risk,66,62,27,24,262,ship,negative,lane-boundary
g053,position pressure,57,27,32,88,273,ship,baseline,monotonic-signal
g054,move ordering,100,21,15,39,360,ship,edge,drag-penalty
g055,search width,81,47,8,62,429,ship,recovery,confidence-floor
g056,endgame risk,31,62,6,35,263,ship,negative,lane-boundary
g057,position pressure,98,37,27,26,312,ship,baseline,monotonic-signal
g058,move ordering,91,62,18,69,463,ship,edge,drag-penalty
g059,search width,91,42,10,52,421,ship,recovery,confidence-floor
g060,endgame risk,50,35,34,77,238,ship,negative,lane-boundary
g061,position pressure,33,69,5,65,347,ship,baseline,monotonic-signal
g062,move ordering,116,53,34,20,358,ship,edge,drag-penalty
g063,search width,94,48,29,45,352,ship,recovery,confidence-floor
g064,endgame risk,110,13,7,62,452,ship,negative,lane-boundary
g065,position pressure,77,33,40,32,201,ship,baseline,monotonic-signal
g066,move ordering,64,45,16,65,348,ship,edge,drag-penalty
g067,search width,61,54,26,43,273,ship,recovery,confidence-floor
g068,endgame risk,63,61,33,79,337,ship,negative,lane-boundary
g069,position pressure,68,32,38,102,320,ship,baseline,monotonic-signal
g070,move ordering,74,55,42,75,314,ship,edge,drag-penalty
g071,search width,80,34,24,23,258,ship,recovery,confidence-floor
g072,endgame risk,43,61,17,87,357,ship,negative,lane-boundary
g073,position pressure,72,42,36,38,232,ship,baseline,monotonic-signal
g074,move ordering,46,70,5,61,380,ship,edge,drag-penalty
g075,search width,36,51,12,34,230,ship,recovery,confidence-floor
g076,endgame risk,35,44,17,25,175,ship,negative,lane-boundary
g077,position pressure,82,43,42,68,300,ship,baseline,monotonic-signal
g078,move ordering,65,45,35,51,247,ship,edge,drag-penalty
g079,search width,104,14,33,76,360,ship,recovery,confidence-floor
g080,endgame risk,39,71,12,64,339,ship,negative,lane-boundary
g081,position pressure,98,67,45,105,458,ship,baseline,monotonic-signal
g082,move ordering,43,32,37,44,133,watch,edge,drag-penalty
g083,search width,107,26,19,61,419,ship,recovery,confidence-floor
g084,endgame risk,98,52,32,31,332,ship,negative,lane-boundary
g085,position pressure,53,67,19,64,345,ship,baseline,monotonic-signal
g086,move ordering,34,42,14,42,214,ship,edge,drag-penalty
g087,search width,72,67,34,78,370,ship,recovery,confidence-floor
g088,endgame risk,51,47,25,101,349,ship,negative,lane-boundary
g089,position pressure,44,40,43,74,188,ship,baseline,monotonic-signal
g090,move ordering,44,74,11,22,280,ship,edge,drag-penalty
g091,search width,91,58,18,86,489,ship,recovery,confidence-floor
g092,endgame risk,74,53,23,37,310,ship,negative,lane-boundary
g093,position pressure,69,18,27,60,255,ship,baseline,monotonic-signal
g094,move ordering,47,38,9,33,247,ship,edge,drag-penalty
g095,search width,63,50,44,24,161,ship,recovery,confidence-floor
g096,endgame risk,30,59,21,67,258,ship,negative,lane-boundary
